<?xml version="1.0" encoding="UTF-8"?>
<project-private xmlns="http://www.netbeans.org/ns/project-private/1">
    <editor-bookmarks xmlns="http://www.netbeans.org/ns/editor-bookmarks/2" lastBookmarkId="0"/>
    <open-files xmlns="http://www.netbeans.org/ns/projectui-open-files/2">
        <group>
            <file>file:/C:/Users/c16008/Documents/AN1921_Source%20Code/TCPIP%20Library/source/network.c</file>
            <file>file:/C:/Users/c16008/Documents/AN1921_Source%20Code/TCPIP%20Library/include/tcpv4.h</file>
            <file>file:/C:/Users/c16008/Documents/AN1921_Source%20Code/TCPIP%20Demo/board_support_package/picdem2_net/hardware.c</file>
            <file>file:/C:/Users/c16008/Documents/AN1921_Source%20Code/TCPIP%20Demo/udpDEMO.X/main.c</file>
            <file>file:/C:/Users/c16008/Documents/AN1921_Source%20Code/TCPIP%20Library/source/dhcp_client.c</file>
        </group>
    </open-files>
</project-private>
